"Did","DName"
"3254","Mariano Barroso"
"7858","Kiko Cruz Claverol"
"2832","Mark Tonderai"
"4796","Peter Ho"
"8238","DJ Chen"
"2526","Park Joon-hwa"
"5482","Ahmet Katıksız"
"4877","Padraic McKinley"
"1825","Alastair Fothergill"
"4599","Lee Yoon-jung"
"7041","David Schalko"
"4890","Pali Yahya"
"2648","David Ayer"
"3041","Oliver Stone"
"1949","Felipe Cano"
"7235","Kazuya Murata"
"7412","Iginio Straffi"
"5330","Norm Hiscock"
"6037","Dheeraj Berry"
"3193","Laurent Bouzereau"
"4263","Jakob Verbruggen"
"1664","Michael Samuels"
"5489","Stuart Orme"
"3857","Miguel Conde"
"9703","Dan Lucchesi"
"9819","Stan Lathan"
"5343","Michel Tikhomiroff"
"9595","Luis Alberto Restrepo"
"1364","Chang-Min Lee"
"1490","Lee Eung-bok"
"9939","Nizar Shafi"
"9124","Eric Abrams"
"8630","Neslihan Yesilyurt"
"6041","Serdar Akar"
"6199","Masaaki Yuasa"
"6600","Kim Seong-hun"
"2489","Seren Yüce"
"3557","Ahmed Khaled Moussa"
"5185","Kobun Shizuno"
"5832","Alejandro Lozano"
"7005","Soumendra Padhi"
"4280","Ken Burns"
"3172","Cecilia Peck"
"5849","Lars Kaalund"
"8306","Joe Berlinger"
"6635","Andrew Tan"
"5762","Jani Lachauer"
"5322","Carlos Bolado"
"9218","Mat King"
"5879","Guy Vasilovich"
"7331","Lee Toland Krieger"
"2768","Noam Murro"
"2279","Daniel Kontur"
"5357","Joel Gallen"
"2013","Obi Emelonye"
"2596","Tsutomu Mizushima"
"4009","Ehtesham Uddin"
"7759","Olivier Jean-Marie"
"7044","Jesse Moss"
"9379","Shin Won-ho"
"4517","Toby Haynes"
"8834","Patrick Graham"
"3064","Han Qing"
"3765","Cho Li"
"1848","James Lee"
"6491","Dawn Porter"
"8628","Quentin Tarantino"
"2164","Lee Kyoungmi"
"7171","Takuya Igarashi"
"9614","Mario Van Peebles"
"1362","Danny Cannon"
"7659","Hayato Date"
"7270","Michael Cumming"
"9894","Eli Roth"
"1846","Go Koga"
"8320","Everardo Gout"
"6560","Phil Sgriccia"
"6273","Rob Seidenglanz"
"4158","Jesse Warn"
"5916","Glen Winter"
"5509","Carlos Sedes"
"3408","James Bamford"
"5153","Jay Chandrasekhar"
"6699","Philippa Lowthorpe"
"3669","Ian Barber"
"6593","Gordon Anderson"
"1024","Stefan Brogren"
"3775","Tensai Okamura"
"5453","Jerry Seinfeld"
"8470","Tony Collingwood"
"4335","Yasuhiro Irie"
"6681","James Hawes"
"5770","Jung-ah Im"
"7046","Andy Devonshire"
"5334","Thomas Astruc"
"6826","Vikramaditya Motwane"
"1418","Onur Ünlü"
"8500","Richard Finn"
"3918","Fernando Lebrija"
"9927","Gabe Ibáñez"
"8389","Rodrigo Toro"
"2507","Henrik Ruben Genz"
"9472","José Miguel Contreras"
"8987","Daniel Alfredson"
"1027","Munjal Shroff"
"2060","Tilak Shetty"
"6411","Gaspar Noé"
"1841","Tom O'Brien"
"5213","Antoine Bardou-Jacquet"
"1260","Brad Anderson"
"2616","Austin Stark"
"5811","Hannah Fidell"
"8193","Sopon Sukdapisit"
"2136","Kevin R. Adams"
"4227","Ian Samuels"
"4639","Franck Ribière"
"4950","Daniele Thompson"
"6792","Anubhav Sinha"
"3479","Maha Venkatesh"
"6482","Tharun Bhascker"
"4930","Şenol Sönmez"
"2370","Tom Gianas"
"2912","Rajkumar Hirani"
"6513","Robert Osman"
"9465","Jon Spira"
"5055","Mez Tharatorn"
"7145","Adisorn Tresirikasem"
"2011","Banjong Pisanthanakun"
"4287","Chayanop Boonprakob"
"9140","Susan Johnson"
"7898","Lynn Shelton"
"3914","Farhan Alam"
"8479","Chad Archibald"
"8472","Brian Baugh"
"7197","A. L. Vijay"
"4977","Ryan Coogler"
"6629","Ben Palmer"
"5897","Chris Howe"
"9818","Ken Kwapis"
"2568","Park In-je"
"1396","Jesse V. Johnson"
"8032","Mahsun Kırmızıgül"
"9376","Monique Gardenberg"
"2879","Mike Flanagan"
"2193","Ritesh Batra"
"5796","William Lau"
"6757","Brian De Palma"
"8428","Mana Yasuda"
"8706","Rizal Mantovani"
"5174","Han Yan"
"6296","Jeremy Saulnier"
"5862","Raditya Dika"
"9530","Rocky Soraya"
"6755","Sunil Soraya"
"3608","Gupse Özay"
"6144","Jim Mickle"
"2601","Chi Fat Chan"
"7377","Nabil Ayouch"
"6108","Rob LaDuca"
"2566","Mangesh Hadawale"
"4437","Wong Kar Wai"
"3657","Rob Cohen"
"2862","Louis J. Horvitz"
"2273","Linda Saffire"
"7262","Le Van Kiet"
"8710","Eric Summer"
"9796","B. V. Nandini Reddy"
"6162","Ava DuVernay"
"3564","Benjamin Turner"
"5838","Michael J. Bassett"
"5080","Troy Miller"
"1286","Tan Bing"
"2542","Warren P. Sonoda"
"1945","Álex de la Iglesia"
"3439","Rahul Ravindran"
"3973","Archie Borders"
"4585","Bobcat Goldthwait"
"1509","Deepti Naval"
"1316","Morgan Neville"
"2723","Anthony Byrne"
"5167","Chris Moukarbel"
"6978","Ana Lily Amirpour"
"5909","Alex Winter"
"4745","Kemi Adetiba"
"9707","Toka McBaror"
"8110","Gilles Paquet-Brenner"
"3611","Niyi Akinmolayan"
"9374","Rashida Jones"
"9524","Scott Aukerman"
"3633","Amara Cash"
"1538","Bedran Güzel"
"5603","Chun Wong"
"5917","Coerte Voorhees"
"2698","Ham Tran"
"7952","Feng Xiaogang"
"5975","Gary Michael Schultz"
"2532","Liv Ullmann"
"6574","Sandeep Reddy Vanga"
"7752","Jacques Perrin"
"6516","Justin Benson"
"1813","Michael Bonfiglio"
"7585","Zack Whedon"
"1294","Eric Stoltz"
"2345","Conrad Helten"
"8764","Teo Konuralp"
"8951","Chris Perkel"
"7408","Cheh Chang"
"1823","Manny Rodriguez"
"6351","Robert Eggers"
"4492","Chuck Russell"
"6403","John Erick Dowdle"
"3805","Edgar Wright"
"5057","Tony Elliott"
"3146","Louis C.K."
"1495","Tom Donahue"
"9143","Michèle Ohayon"
"2062","Timothy Woodward Jr."
"9779","Nia Dinata"
"1626","Mark O'Connor"
"6813","Ajithkumar"
"9534","Lucky Kuswandi"
"8122","Riri Riza"
"5681","Vijay Milton"
"5948","Santwana Bardoloi"
"8678","Atanu Ghosh"
"7986","Amitava Bhattacharya"
"3653","Partha Chakraborty"
"2341","Raffi Ahmad"
"1050","Angelina Jolie"
"5480","Pavel Parkhomenko"
"3945","Azfar Jafri"
"6531","R. Ellis Frazier"
"9504","Roman Atwood"
"6036","Dan Forrer"
"6471","Kip Andersen"
"2181","Randall Lobb"
"5011","Stacie Passon"
"7907","Manop Janjarasskul"
"1482","Shinsuke Sato"
"4752","Chatchai Katenut"
"3860","Ariel Vromen"
"3371","Nicole Holofcener"
"5402","Jerry G. Angelo"
"5859","Michael Feifer"
"1015","Elle Callahan"
"5623","Alex Stapleton"
"7634","Kıvanç Baruönü"
"3725","Teng Huatao"
"6628","Nzingha Stewart"
"3517","Mark Dennis"
"2016","Ben Wallis"
"6736","David Soren"
"4139","Alessio Cremonini"
"1423","Michael Simon"
"9517","Joram Lürsen"
"9449","Oliver Frampton"
"8837","Mike Binder"
"1212","Ryan Murphy"
"5317","Mark Franchetti"
"5566","Damián Romay"
"3550","Trent Haaga"
"8657","Mary Harron"
"9078","Roger Donaldson"
"8840","Steven C. Miller"
"9063","Richard Miron"
"5272","Tony Leondis"
"1226","Roger Kumble"
"7356","Kunle Afolayan"
"9231","Craig Gillespie"
"3137","Nick Cassavetes"
"5030","Clint Eastwood"
"7983","Petra Costa"
"2891","Roger Allers"
"3084","Wolfgang Petersen"
"6050","Jonathan Demme"
"4775","Bernie Denk"
"5767","Ivan Reitman"
"2804","Greg Mottola"
"3448","Alejandro Agresti"
"6703","Daniel Stamm"
"2661","Phillip Noyce"
"2116","Tony Scott"
"2953","Ahmed Zain"
"3405","Mohamed Hamdy"
"9659","Dennis Dugan"
"3946","Jordi Llompart"
"4582","Rian Johnson"
"6278","Olivier Marchal"
"8275","Dennis Iliadis"
"6191","Qaushiq Mukherjee"
"8606","Sudip Bandyopadhyay"
"5921","Onir"
"1091","Jatla Siddartha"
"6866","Kanwal Sethi"
"7505","Alfonso Cuarón"
"4940","Samuel Jouy"
"7482","Akiva Goldsman"
"8477","Damien Leone"
"5140","Karen Moncrieff"
"9979","Sophon Sakdaphisit"
"7689","Curtis Hanson"
"6453","Young Jun Lee"
"6637","Rajiv Mehra"
"5643","Toshiyuki Kubooka"
"1444","Todd S. Yellin"
"8065","Toshiya Shinohara"
"3982","Mohammed Hussain"
"1168","Eli Craig"
"3103","Parambrata Chatterjee"
"1033","Shammi Kapoor"
"2405","Umesh Mehra"
"7275","Masahiko Murata"
"6445","Hirotsugu Kawasaki"
"6735","Toshiyuki Tsuru"
"5868","Florian Schnell"
"8049","Thierry Demaizière"
"8100","Spike Lee"
"3308","Latif Faiziyev"
"5903","Gastón Duprat"
"4615","Bette Gordon"
"4749","Gary Wang"
"8417","Raz Degan"
"8040","Israel Adrián Caetano"
"6553","Mariano Cohn"
"9610","Drew Stone"
"9007","Jelle de Jonge"
"7835","Afia Nathaniel"
"2873","Luke Jurevicius"
"2763","Sean Cisterna"
"7851","Nacho G. Velilla"
"1030","David Serrano"
"7704","Jay Chapman"
"1339","Jenny Gage"
"6801","Kaila York"
"5587","Ifa Isfansyah"
"8083","Angga Dwimas Sasongko"
"1650","Ryan Polito"
"8524","Kabir Bhatia"
"8890","Russell Crowe"
"1742","Andrew Sandler"
"3616","Dave Higby"
"2089","Richie Smyth"
"6968","Andibachtiar Yusuf"
"6611","Dustin Nguyen"
"9847","Chris Eigeman"
"1089","Stanley Tong"
"2207","Vandana Kataria"
"1723","Olaf de Fleur"
"6988","Tamara Jenkins"
"2843","Onur Bilgetay"
"8456","Vincenzo Natali"
"1128","Tugçe Soysop"
"1640","Jacob Joice"
"3735","Craig Goodwill"
"6186","Mickey Liddell"
"3969","Michael D. Black"
"6478","Juani Libonatti"
"3225","Dani de la Torre"
"7188","Jerrold Tarog"
"7708","Judah Friedlander"
"4399","Errol Morris"
"4611","Oliver Blackburn"
"9631","Saravana Rajendran"
"2140","Jitendra Tiwari"
"7738","Vivek Wagh"
"6099","Alex Israel"
"2020","Joe Camp"
"2156","Kavi Raz"
"6423","Nick Simon"
"5308","Don Mancini"
"2828","Brandon Jones"
"2668","Alain Desrochers"
"6175","Brian Volk-Weiss"
"8137","Deniz Gamze Ergüven"
"2287","Robert Vince"
"7968","Matt Kay"
"2462","Drake Doremus"
"1006","Osgood Perkins"
"8121","Werner Herzog"
"2313","Julien Rambaldi"
"5089","Yvan Attal"
"3347","Benjamin Weill"
"6372","Scott Hussion"
"7064","Wilson Yip"
"6704","Griffin Dunne"
"3001","Roger Gual"
"7014","J. Davis"
"4500","Rob Smat"
"7763","Tinge Krishnan"
"4542","Aleksey German"
"8358","Eric Zaragosa"
"4656","Sergio Barrejón"
"7566","Vijay Yelakanti"
"5238","Katherine Dieckmann"
"7210","Natalie Portman"
"4765","John Murlowski"
"2424","Ozan Açıktan"
"6601","Craig Brewer"
"7007","Michael Steed"
"6227","Zak Hilditch"
"9718","Michael Steiner"
"3280","Vlad Yudin"
"9390","Chris Buck"
"2916","Andrew Slater"
"1221","Glen Goei"
"2761","S.S. Rajamouli"
"3263","Brian Klein"
"5188","Sarik Andreasyan"
"8198","Huw Cordey"
"5530","Yuen Woo-ping"
"8621","Steve Brill"
"3267","Don Michael Paul"
"5591","Noah Baumbach"
"8908","Jonathan Mostow"
"9636","Brett Haley"
"9030","Gillian Robespierre"
"7720","Tobe Hooper"
"2282","Daniel Benmayor"
"7167","Abu Bakr Shawky"
"3693","Jedd Wider"
"6244","Nagesh Kukunoor"
"2560","Priyadarshan"
"7525","Raj Kanwar"
"1788","Pooja Bhatt"
"1005","Satish Kaushik"
"5627","Nikhil Advani"
"5906","Anees Bazmee"
"2624","Andrew Bujalski"
"6062","Ben Wheatley"
"7466","Anthony Giordano"
"9792","Wyatt Cenac"
"3410","Joanna Lombardi"
"9868","David Batty"
"3556","Jeremy Rush"
"9738","Luis Javier Henaine"
"2941","Eric Idle"
"7423","Will Yapp"
"1259","Terry Hughes"
"5984","Roger Graef"
"6216","Terry Jones"
"1646","Ian MacNaughton"
"5247","Leslye Headland"
"7887","Jay Karas"
"7241","Barry Sonnenfeld"
"8515","Omoni Oboli"
"7568","Thomas Vinterberg"
"2443","Marcos Bucay"
"7537","Peter Lepeniotis"
"7340","Kim Jee-woon"
"5292","Rajesh Touchriver"
"1156","David Lam"
"4521","Timo Tjahjanto"
"2131","Reem Kherici"
"4700","Adze Ugah"
"3574","Steve Gukas"
"7185","Ciarán Foy"
"7233","Frank Rajah Arase"
"2833","Yılmaz Erdoğan"
"3921","Tope Oshin"
"6073","Daniel Sánchez Arévalo"
"9363","Don Omope"
"6504","Steven Soderbergh"
"9870","Udai Singh Pawar"
"2981","Guntur Soeharjanto"
"5664","Thiru"
"7513","Harald Zwart"
"1262","Bruce McDonald"
"8037","Kim Joo-hyung"
"5755","Louie Psihoyos"
"6187","Tom Forrest"
"1606","Milan Luthria"
"5884","John Crowley"
"5006","Ranjit Tiwari"
"9696","Tom Fassaert"
"7805","Adam Dubin"
"4675","Cary Joji Fukunaga"
"1078","Aaron Hann"
"3870","Alexandros Avranas"
"6306","Anindya Chatterjee"
"2337","Anik Datta"
"9499","Ishaan Trivedi"
"4695","Biswajeet Bora"
"5398","Sohail Tatari"
"3003","David Stubbs"
"4904","Madhur Bhandarkar"
"8145","Parveen Kumar"
"4067","Matías Gueilburt"
"7489","Ananth Narayan Mahadevan"
"2064","Girish Malik"
"8013","Debaloy Dey"
"9172","Martin Rosete"
"2775","Jasmine D'Souza"
"2687","Ben C. Lucas"
"8381","Rohit Jugraj"
"9054","Shakti Samanta"
"6104","Raj B. Shetty"
"1074","Navneet Behal"
"6202","Sukhbir Singh"
"1484","Naresh Saigal"
"9433","Ram Gopal Varma"
"7200","Thomas Sorriaux"
"1134","Noriyuki Abe"
"1725","Clovis Cornillac"
"7915","Hajime Kamegaki"
"9320","Jean-François Blais"
"6170","Derek Hui"
"8611","Kevin MacDonald"
"6107","Stefano Sollima"
"1119","Leïla Sy"
"7404","Shaad Ali"
"7266","Mahmoud al Massad"
"8480","Yesim Ustaoglu"
"7347","Jan Suter"
"5785","McG"
"4204","Christopher Guest"
"6932","Gareth Evans"
"4356","Paul Urkijo Alijo"
"3905","Sara Colangelo"
"8418","Mahmoud Sabbagh"
"6951","Borja Cobeaga"
"7655","Leo Riley"
"8915","Hakan Algül"
"9558","Vince Gilligan"
"1340","Bolanle Austen-Peters"
"9280","Sion Sono"
"9579","Dennis Rovira van Boekholt"
"5169","Mohamed Diab"
"4706","Naoto Amazutsumi"
"4610","Paul Greengrass"
"4007","Rusty Cundieff"
"5994","James Yukich"
"5919","Maciej Dejczer"
"4965","Rusty Nixon"
"5008","Lee Tamahori"
"8060","Richard Rich"
"8386","Michael Bay"
"4305","Ted Demme"
"9468","Bernard Rose"
"3670","Paul Haggis"
"1532","Dave Green"
"2310","Wojciech Marczewski"
"1306","Andrzej Bartkowiak"
"1468","Roy Poortmans"
"8287","Brian Robbins"
"5752","Mark Helfrich"
"8955","Jon Hurwitz"
"8144","Bille Woodruff"
"2948","Janusz Majewski"
"3940","Alex Merkin"
"4766","Alex Proyas"
"9189","Jacek Koprowicz"
"1462","Nicholaus Goossen"
"7865","Scott Hicks"
"2433","Morgan Spurlock"
"4704","Martin Scorsese"
"2602","Stig Bergqvist"
"3931","Wes Craven"
"5700","Asif Kapadia"
"3472","Robert Rodriguez"
"4661","Dorian Fernández-Moris"
"2770","Jeannot Szwarc"
"2977","Bryan Singer"
"7671","Ash Brannon"
"2752","Andy Tennant"
"1560","Rob Reiner"
"5043","Marek Piwowski"
"4084","Brian Levant"
"1836","Stanisław Różewicz"
"3208","Gabriele Muccino"
"8937","Igor Kovalyov"
"3228","Krzysztof Zanussi"
"7281","Robert Schwentke"
"5077","Danny Boyle"
"4466","Paul Feig"
"3313","Alex Smith"
"5806","Antoni Krauze"
"7703","Simranjit Singh Hundal"
"5007","Justin G. Dyck"
"1325","N. Linguswamy"
"6277","Deep Joshi"
"1170","Antoine Fuqua"
"8695","John Curran"
"4132","Rakeysh Omprakash Mehra"
"9971","Anurag Kashyap"
"5589","Manjeet Maan"
"1801","Shagufta Rafique"
"1637","Shakun Batra"
"6043","Andrew Renzi"
"6369","Tinu Pappachan"
"4577","Amitoj Mann"
"5835","Amarpreet G S Chabbra"
"7222","Paresh Mokashi"
"6011","Anurag Basu"
"9761","Ashutosh Gowariker"
"1998","Atharv Baluja"
"2550","Vishal Bhardwaj"
"9486","Leslie Small"
"8924","Shannon Hartman"
"3802","Shashanka Ghosh"
"8348","Puneet Sira"
"4255","Aziz Mirza"
"6698","Renzil D'Silva"
"8886","Smeep Kang"
"5580","Sameer Sharma"
"5477","Chandan Arora"
"5967","Baljit Singh Deo"
"3020","Mysskin"
"8988","Rajan Madhav"
"8765","Raaghav Dar"
"8130","Ishi Rudell"
"2297","David Lee Miller"
"6823","Amit Saxena"
"4197","Pankaj Batra"
"1653","Jaivi Dhanda"
"2114","Suman Ghosh"
"4686","Kabir Khan"
"9053","Akshay Akkineni"
"8674","Nidhi Sharma"
"7849","Mastan Alibhai Burmawalla"
"9043","Abbas Alibhai Burmawalla"
"3565","Vipin Parashar"
"4304","Vikram Pradhan"
"7205","Vijay"
"5161","Sundar C."
"7810","Sartaj Singh Pannu"
"4246","James McTeigue"
"1932","Ayaan Mukherji"
"8504","Sidharth Malhotra"
"5519","Saket Behl"
"7992","Kevin Smith"
"4625","Anjum Shahzad"
"1360","Geun-hyun Cho"
"8510","Christian Desmares"
"7955","Kyran Kelly"
"4561","Adam Wood"
"3920","Zeke Norton"
"6447","Karen J. Lloyd"
"7020","Ezekiel Norton"
"3300","Alê Abreu"
"3512","Carlos Therón"
"6674","Steve Race"
"6747","Brett Harvey"
"3128","Keiichi Hara"
"5013","Audu Paden"
"3161","Claude Barras"
"4694","Jean-Loup Felicioli"
"5132","Toa Fraser"
"6808","Vibeke Idsøe"
"6311","Chan-sang Lim"
"7290","Carlos Algara"
"7199","Stephen Donnelly"
"9815","Mikhil Musale"
"8457","Riccardo Pilizzeri"
"1531","Guilherme Fontes"
"2349","Aamir Bashir"
"5686","Alejandro Fernández Almendras"
"1789","Pieter Kuijpers"
"5535","Prashant Nair"
"9058","Paul Taublieb"
"5617","Riccardo Milani"
"6692","Larry Elikann"
"6381","Robert Markowitz"
"8332","Eric Laneuville"
"7610","Joel Oliansky"
"4476","Roy Campanella II"
"2177","Arthur Allan Seidelman"
"8038","John Herzfeld"
"3743","Buzz Kulik"
"3082","Richard Michaels"
"7159","Linda Otto"
"3953","Roger Young"
"7548","Vincent Kok"
"7298","Fellipe Barbosa"
"6766","Christian Zübert"
"4849","David Mackenzie"
"1315","David Palmer"
"5187","Luke Snellin"
"7024","Xavier Durringer"
"5564","Jack C. Newell"
"1076","Cecilia Atán"
"2187","Gus Van Sant"
"4066","Saratswadee Wongsomphet"
"4147","Kirati Nakintanon"
"1982","Antongiulio Panizzi"
"8754","Pawan Kumar"
"7553","Patricia Rozema"
"8641","Trey Edward Shults"
"3596","Christian Charles"
"1171","Bronwen Hughes"
"2567","Phillip Youmans"
"6193","Zhang Yimou"
"2518","Lucas Margutti"
"4272","Neal Brennan"
"8030","Azazel Jacobs"
"2108","Jung Ji-woo"
"7218","Tejas Prabha Vijay Deoskar"
"6408","Jim Fall"
"2322","Marita Grabiak"
"6214","Jason Priestley"
"4236","Neill Blomkamp"
"6744","Matt D'Avella"
"9995","Parthiban"
"9311","Marcus Raboy"
"1895","Luis Ara"
"9734","Abhishek Sharma"
"8631","John Schultz"
"8672","Damien O’Connor"
"1707","Joseduardo Giordano"
"5717","Rudy Soedjarwo"
"8280","Alice Rohrwacher"
"1313","Nandita Das"
"8088","Leena Yadav"
"8359","Romain Gavras"
"5201","Sebastián Hofmann"
"4217","John Luessenhop"
"4185","Mike Disa"
"5268","Mati Diop"
"9232","Moses Inwang"
"2456","Jérémy Clapin"
"1732","Mandla Dube"
"2516","Mike Ezuruonye"
"5971","Cheta Chukwu"
"1428","Roger Russell"
"1491","Frank Oz"
"9949","Lu Yang"
"8260","Edward Zwick"
"4910","Basava Shankar Eeday"
"4882","Prakash Satam"
"6928","Elle-Máijá Tailfeathers"
"4690","Dante Lam"
"2255","Shreyas Talpade"
"2418","Seth Barrish"
"8284","Steve Ball"
"7336","Sanjiv Jaiswal"
"1636","Daniel Raim"
"1258","Denny Lu"
"7138","María Jose Cuevas"
"8302","Oz Rodriguez"
"1334","Aleksandr Chernyaev"
"1004","Robert Altman"
"6266","Ric Roman Waugh"
"8212","Cary Murnion"
"8056","Ibai Abad"
"4323","Charles A. Nichols"
"3227","John Irvin"
"8652","Simon Wells"
"5288","Julio Soto Gurpide"
"1694","Julien Abraham"
"4679","Nate Adams"
"5311","Clay Kaytis"
"4212","Barbra Streisand"
"2545","Chris Sparling"
"7686","Kathryn Bigelow"
"4506","Monika Mitchell"
"4634","Fernando Colomo"
"2625","Josh Wakely"
"4629","Jacob Kornbluth"
"8806","Jon Gunn"
"2505","Anne Fontaine"
"1871","Joshua Caldwell"
"5499","Mike Judge"
"8191","Bruce W. Smith"
"2126","Eva Orner"
"5361","Àlex Pastor"
"6448","KVR Mahendra"
"1551","Andrew Jenks"
"6783","John Schlesinger"
"5240","Akiva Schaffer"
"7743","Juan Carlos Rulfo"
"2822","Christian Ditter"
"6354","Raj R"
"1331","Sergio Leone"
"2874","Jim Field Smith"
"4218","Bruce McCulloch"
"1656","Steven Spielberg"
"9342","William Brent Bell"
"2188","Hugh WIlson"
"4604","Sam Raimi"
"4626","Robert Aldrich"
"3368","Marco Schnabel"
"6957","Francis Ford Coppola"
"5998","Lasse Hallström"
"5775","Jason Reitman"
"6279","Raja Gosnell"
"7830","David Fincher"
"5066","David Paul Meyer"
"4140","Savage Steve Holland"
"3685","Troy Nixey"
"8780","Scott McAboy"
"2324","Raymie Muzquiz"
"5918","Stephen Herek"
"8484","Joe Menendez"
"9852","Vince Marcello"
"2389","David R. Ellis"
"2263","Eric Bross"
"1140","Will Eisenberg"
"7385","Matheus Souza"
"6741","Bradley Walsh"
"9049","Orson Welles"
"3967","Benjamin Ross"
"2769","Stephen Hopkins"
"7361","Steve Paley"
"9298","Leslie Iwerks"
"3307","Na Hyeon"
"7693","Houda Benyamina"
"5914","Kristin Hanggi"
"8871","Joe Dante"
"9881","Alex Zamm"
"5164","Chris Smith"
"1776","Dee Rees"
"3798","Glenn Miller"
"3813","Nicolas Winding Refn"
"8996","Robb Dipple"
"1430","Sarah Gavron"
"8341","Daniel Goldhaber"
"3559","Asri Bendacha"
"6641","Fred Cavayé"
"1731","Joel Coen"
"2933","Shane Acker"
"7945","Wash Westmoreland"
"5592","Alessandro Angulo"
"7032","Mauro Scandolari"
"7305","Arjun Jandyala"
"8650","Naoko Yamada"
"6838","Sergio Pablos"
"1301","Anand Tucker"
"7348","Valli Bindana"
"3423","Makoto Shinkai"
"3012","V C Abhilash"
"4440","Nila Madhab Panda"
"7131","Sameer Vidwans"
"5309","Nishanth Ravindaran"
"8126","Bill Guttentag"
"6630","Gajendra Ahire"
"6760","Swapna Waghmare Joshi"
"2403","Raymond McGrath"
"7432","Adele K. Thomas"
"7530","Richard Bailey"
"6639","Julien Leclercq"
"8012","Aitor Arregi"
"5799","Remo D'Souza"
"4814","Radhika Rao"
"8696","Volker Weicker"
"1393","Manjeet Singh"
"1997","Nick Mead"
"4495","Gautier "
"3067","Lance Bangs"
"7156","Matt Piedmont"
"2589","Erik Matti"
"8388","John Scheinfeld"
"2590","Rhys Thomas"
"2083","Christopher Storer"
"8846","Jennifer Baichwal"
"6388","Tom Ford"
"2270","J.M. Berrios"
"6640","Jeff Wadlow"
"3045","Laurent Cantet"
"5041","Raúl Campos"
"8426","Natalia Valdebenito"
"2262","Marcelo Galvão"
"2222","Lorene Machado"
"5283","Richard Donner"
"8931","Kevin Reynolds"
"1237","Marina Seresesky"
"1008","Tony Kaye"
"3714","Kenny Leon"
"6891","Peter Segal"
"1960","Daniel Mann"
"5266","Richard Brooks"
"8253","Michael Kampa"
"5955","Harvey Lowry"
"4267","James Dearden"
"6129","Jack Starrett"
"2356","Les Mayfield"
"5882","David Lean"
"5857","Tarun Mansukhani"
"5207","Jennifer Westcott"
"9751","Robert Clouse"
"5554","Valeria Golino"
"7913","Stuart Baird"
"5289","Gregory Hoblit"
"9071","Terry Gilliam"
"5377","Fred M. Wilcox"
"6477","David Silberg"
"1162","Vincente Minnelli"
"4357","Mathieu Kassovitz"
"6948","Randal Kleiser"
"9041","Ernie Barbarash"
"6807","Michael A. Nickles"
"6221","Ken Marino"
"5230","Lionel C. Martin"
"1847","Joe Boyd"
"8992","Jeffrey W. Byrd"
"4343","Scott Stewart"
"1367","Alfonso Arau"
"9208","Ellen Weissbrod"
"7582","Michael Anderson"
"8622","Stanley Kubrick"
"6310","Theodore Witcher"
"5653","Callie Khouri"
"3514","Brett Ratner"
"2049","Gil Kenan"
"4905","Lewis Milestone"
"9903","Jared Hess"
"4684","Gene Quintano"
"4251","Charles Stone III"
"7972","Nicholas Ray"
"1407","Sam Mendes"
"7021","Roman Polanski"
"2781","John Dahl"
"1217","Blayne Weaver"
"1618","Billy Bob Thornton"
"3990","Sam O'Steen"
"1963","David Fairhead"
"6652","Adam McKay"
"5307","Gordon Parks"
"1952","Neil Jordan"
"7342","John Stephenson"
"7760","Norman Jewison"
"3716","Manolo Caro"
"6493","David Michôd"
"8891","Marco Bonfanti"
"8440","Lilly Wachowski"
"6623","Alan J. Pakula"
"2111","Kevin Donovan"
"9115","Charlotte Zwerin"
"7570","Pete Travis"
"3790","Nick Moore"
"4997","Rodrigo Guardiola"
"7428","Ruben Fleischer"
"6490","Neeraj Pandey"
"1322","Indrajit Nattoji"
"6572","Raj Kumar Gupta"
"8274","Arnab Chaudhuri"
"5718","Rana Ranbir"
"9964","David Zucker"
"5386","Harry Baweja"
"3183","Ken Ghosh"
"4393","Vivek Agnihotri"
"5278","Umesh Shukla"
"6820","Habib Faisal"
"8599","Bobby Roth"
"1402","Halder Gomes"
"4638","Tony Zierra"
"1767","B. Unnikrishnan"
"1971","Sajid Khan"
"5599","Saji Surendran"
"9319","Ksshitij Chaudhary"
"9085","Abhishek Kapoor"
"4630","Gary Binkow"
"7329","Chad Hartigan"
"9774","Nishikant Kamat"
"3828","Navinder Pal Singh"
"8135","Dibakar Banerjee"
"9608","Tigmanshu Dhulia"
"4478","Kunal Deshmukh"
"2967","Prakash Jha"
"2548","R. Kannan"
"3292","Gaurav Narayanan"
"5493","Kevin Layne"
"1537","Jon J. Whelan"
"1999","Leanne Gater"
"6320","Jennifer M. Kroot"
"8798","Jay Russell"
"6067","Wally Pfister"
"9805","Akin Omotoso"
"7070","Shyam Benegal"
"8513","Satyajit Bhatkal"
"3941","Bharat Jain"
"5751","Alo Sarkar"
"8918","Rajeev Chaudhari"
"4018","Vishal Mishra"
"6040","Iñaki Dorronsoro"
"4468","Ali Bin Matar"
"6029","Buta Singh"
"8436","Jami"
"8109","Ali Samadi Ahadi"
"1631","Anurag Singh"
"5900","Ashok Nanda"
"1318","Navaniat Singh"
"5872","D Ho"
"8719","Jitender Pawar"
"2783","Erik Canuel"
"5735","Param Gill"
"8970","Jack Zagha Kababie"
"2498","Richard Mears"
"4040","Heidi Ewing"
"8815","Moto Sakakibara"
"5710","Emilio Martínez Lázaro"
"7103","Craig Monahan"
"9934","Gillian Armstrong"
"3264","John Duigan"
"8941","Mu Chu"
"3867","Henry Sarwer-Foner"
"2467","Will Lovelace"
"2735","Jim Monaco"
"9817","Sherif Ismail"
"6643","Dava Whisenant"
"5455","Yen Cheng-kuo"
"8735","James Wan"
"7557","Karim El Sobky"
"7473","Mohamed Samy"
"8243","Sameh Abdulaziz"
"2035","Husam El-Gohari"
"4959","Liz Plonka"
"4020","Sam Patton"
"1093","Rupert Jones"
"7515","David Pablos"
"2558","Dani Levy"
"1633","Kevin Peeples"
"4408","Frant Gwo"
"9436","Harrison Smith"
"1796","Sonny Mallhi"
"9020","Jeff Garlin"
"5965","Michael Barnett"
"7779","Andrew Nackman"
"8854","Ole Bornedal"
"2252","Andrew Niccol"
"7223","Isabelle Nanty"
"6069","Antonio Morabito"
"7397","Rene Bueno"
"5297","John Woo"
"4772","Nicolás López"
"1527","Patricia Ferreira"
"5165","Nahnatchka Khan"
"3304","Sachin Yardi"
"8385","Partho Mitra"
"8872","Santram Varma"
"9255","Paul Spurrier"
"4667","Han Han"
"4741","Pawan Kripalani"
"3814","Bhushan Patel"
"3323","Raj Nidimoru"
"4739","Alexandra Dean"
"6392","Simon Curtis"
"5385","Jang Jae-hyun"
"2219","Charlie McDowell"
"7455","Liam Lynch"
"8822","Gabriela Tagliavini"
"7109","Ismail Farouk"
"4707","Lee Jeong-beom"
"9583","William Bindley"
"6148","Fernando Ayllón"
"8551","Justin McConnell"
"4901","Steven Brill"
"5621","Kim Sung-hoon"
"1166","Norberto López Amado"
"4782","Mary Mazzio"
"6333","Rahul Dholakia"
"5958","Mark Craig"
"9743","Ketan Mehta"
"5399","Alex Richanbach"
"3047","Christopher Smith"
"3628","Sudabeh Mortezai"
"5251","Richard Shepard"
"4507","Matthew Cooke"
"6132","Mike Diva"
"7649","Jean-Patrick Benes"
"2688","Vasan Bala"
"3135","Tig Notaro"
"7711","Mike Fleiss"
"4594","Barry Jenkins"
"8692","Linda Mendoza"
"8609","Aanand Rai"
"9658","Akram Farouk"
"9289","Christel Gibson"
"3767","Andrew Stanton"
"5025","Manav Shah"
"9983","Jimmy Henderson"
"8074","Jessica Yu"
"6724","Kim Nguyen"
"8360","Max Martini"
"1465","Ian Nelms"
"4748","Hiroyuki Seshita"
"4316","Lygia Barbosa da Silva"
"5701","Ken Kushner"
"8873","Yolanda Ramke"
"6837","Kagiso Lediga"
"5337","Arthur Muhammad"
"7224","Pedring A. Lopez"
"9740","Francesco Imperato"
"6291","Stefon Bristol"
"2772","Brit McAdams"
"9649","Steve Loter"
"9911","Icíar Bollaín"
"2258","Kate Melville"
"8487","Aditya Vikram Sengupta"
"5787","David Dhawan"
"5408","Neil Burger"
"7166","Apoorva Lakhia"
"2232","Mandie Fletcher"
"8530","Michael Dowse"
"5208","Vipul Amrutlal Shah"
"8493","Rajkumar Santoshi"
"9624","Antonio Campos"
"2305","Derek Cianfrance"
"9700","Meenu Gaur"
"4605","Matthew Hope"
"5154","Asim Abbasi"
"9914","Saurabh Kabra"
"6729","Aijaz Khan"
"7637","Anil V. Kumar"
"2858","Sangeeth Sivan"
"6899","Umesh Ghadge"
"2758","Midhun Manuel Thomas"
"8338","Umer Adil"
"1739","Hayao Miyazaki"
"5825","Kundan Shah"
"8085","So Yong Kim"
"7120","Filip Renc"
"6307","Femi Oyeniran"
"9744","David Morris"
"5183","Gonzalo López-Gallego"
"6419","Tim Maltby"
"3312","Hepi Mita"
"2099","Anthony Abrams"
"4248","Dylan Bank"
"7879","Sean Foley"
"6152","Pierre Coré"
"3919","Che Sandoval"
"3826","Jean-Bernard Marlin"
"5960","Yee Tung-Shing"
"1421","Sidheswar Shukla"
"5951","Asit Mohapatra"
"8089","Shyamal Chaulia"
"2771","Patricia Font"
"1238","Amy Poehler"
"9484","Sachin Kundalkar"
"1600","Puri Jagannadh"
"3792","Krish"
"8219","Shoojit Sircar"
"1446","Ribhu Dasgupta"
"1158","Geoff Anderson"
"3429","Federico Veiroj"
"9542","Mark Zwonitzer"
"4590","Bo Welch"
"7334","Sedat Kirtan"
"6552","Stacia Crawford"
"7034","Michael Epstein"
"3364","Sudipto Roy"
"9206","Frédéric Tonolli"
"4106","Rachel Lears"
"4907","Syamsul Yusof"
"7327","Nicholas Winter"
"4944","Bong Joon Ho"
"4150","Mangesh Kanthale"
"3046","Kevin Munroe"
"8345","Gary Young"
"9134","Nicanor Loreti"
"5772","Simon Napier-Bell"
"3879","Devashish Makhija"
"2202","Amal Neerad"
"9288","Julius R. Nasso"
"6432","Lucas Figueroa"
"5642","Francis Lee"
"1179","Shanker Raman"
"8214","Rakshith Thirthahalli"
"4247","C. Fitz"
"3401","Alex Timbers"
"6966","Damien Piscarel"
"2696","Saandeep Patel"
"6794","Arun Vaidyanathan"
"3883","Pradip Kurbah"
"5650","Alfonso Rodríguez"
"9928","Makarand Mane"
"3174","Pierfrancesco Diliberto"
"4010","Sean Menard"
"5570","Dito Montiel"
"3491","Vicente Villanueva"
"1866","Anu Menon"
"2481","Adrian Murray"
"6113","Andy Goddard"
"2831","K. Rajagopal"
"7363","Supavitra Babul"
"9508","Zoya Akhtar"
"3952","Anthony D'Souza"
"4641","Mahesh Bhatt"
"3525","Fuwad Khan"
"6994","Mike Birbiglia"
"1385","Praveen Nischol"
"1271","Dylan Mohan Gray"
"2506","Kabir Sadanand"
"3218","Shinji Aramaki"
"4761","Justin Bare"
"8322","Lucien Jean-Baptiste"
"1628","Jalil Lespert"
"3157","Sudhir Mishra"
"5528","Sudhanshu Saria"
"2868","Omung Kumar"
"3894","Bob Hercules"
"5508","Munish Bhardwaj"
"7468","Dilip Mehta"
"3659","Satish Rajwade"
"9432","Devika Bhagat"
"4172","Luv Ranjan"
"4560","Vikas Bahl"
"7154","Dharmesh Darshan"
"7829","Kireet Khurana"
"4703","Bejoy Nambiar"
"3745","Isaki Lacuesta"
"9668","Gurmmeet Singh"
"6956","Nathan Landeg"
"3972","Fernando González Molina"
"2066","Yann Arthus-Bertrand"
"9854","Mina Shum"
"8209","Martin Zandvliet"
"4266","Stephen Belber"
"7193","Tony Stone"
"5870","Peter Foott"
"3660","Raam Reddy"
"3754","Majid Al Ansari"
"5163","Woody Allen"
"9755","Ibrahim Bin Mohamed"
"7509","Clark Johnson"
"3168","Emmanuel Mouret"
"7055","Robin Swicord"
"2508","Conor Allyn"
"8431","Frank Coraci"
"6840","John Patrick Shanley"
"3569","Haifaa Al-Mansour"
"6014","Wenn V. Deramas"
"6399","Olivia M. Lamasan"
"1799","Antoinette Jadaone"
"8963","Nuel Naval"
"1634","Paul Solet"
"9031","Amy Schumer"
"9125","Ian Kirby"
"1882","Sean McNamara"
"4417","Justin Chon"
"1807","Aziz Ansari"
"8309","David Sampliner"
"9282","Adam Shankman"
"1892","Chito S. Roño"
"8730","Marc Forster"
"3355","Keoni Waxman"
"7142","Benny Fine"
"4735","Mae Czarina Cruz"
"2867","Paul Soriano"
"5111","Ruel S. Bayani"
"6106","Peter Mortimer"
"5749","Greg Coolidge"
"4763","Owen Egerton"
"6650","Sam ""Blitz"" Bazawule"
"5593","Joe Miale"
"3858","Richard Sears"
"5852","Nirpal Bhogal"
"3532","Lucy van Beek"
"1013","Frank Capra"
"4311","John Huston"
"5798","John Ford"
"6748","William Wyler"
"9666","Micah Bickham"
"5624","Olivia Newman"
"9539","Jared Stern"
"7037","Yang Lei"
"3993","Lennart Ruff"
"8240","Mike Clattenburg"
"8094","Adam MacDonald"
"8901","Saurav Palodhi"
"9800","Shawn Crahan"
"8276","Michael Whitton"
"7114","Steve Carr"
"7964","Swapnaneel Jayakar"
"2411","Kyzza Terrazas"
"4001","Philippe Falardeau"
"3389","John Lee Hancock"
"9571","Bart Freundlich"
"3413","Awi Suryadi"
"6352","Hanung Bramantyo"
"4538","Óskar Thór Axelsson"
"9621","Vishal Mahadkar"
"5078","Mikhail Red"
"8743","Raj Babu"
"6876","Rodolphe Guenoden"
"5766","Javier Ruiz Caldera"
"6506","Marina Willer"
"6464","Diego Pignataro"
"8324","Meghan O'Hara"
"8850","Tommy O'Haver"
"8462","Douglas McGrath"
"3975","Chanon Yingyong"
"3342","Kyle Newacheck"
"1727","Mijke de Jong"
"2417","Daryl Hannah"
"8129","Michael Larnell"
"7164","Advait Chandan"
"1648","Abel Ferrara"
"7245","Oriol Paulo"
"8658","Jeff Tremaine"
"4569","Paul Dugdale"
"8912","Joyce Bernal"
"2623","Jason Paul Laxamana"
"2051","Maryo J. De los Reyes"
"9135","Theodore Boborol"
"4663","Gavin Fitzgerald"
"2643","Juan Zapata"
"4732","Gianfranco Rosi"
"6853","Oliver Daly"
"1759","Karan Shivajirao Chavan"
"8786","Tanuj Bhramar"
"2372","Isao Yukisada"
"9753","A.R. Murugadoss"
"1048","Faraz Haider"
"3416","Mozez Singh"
"4510","Robin Aubert"
"6971","Brendan Toller"
"3076","Kristian Levring"
"2672","Sonny Marler"
"4567","Taron Lexton"
"6496","Eva Vives"
"4103","Lonny Price"
"6942","Sang-ho Yeon"
"7057","Jason Krawczyk"
"7822","Sam Wrench"
"5662","Sophie Robinson"
"7256","John Lee"
"6995","Richard Loncraine"
"8294","Sydney Freeland"
"7380","Jung-woo Park"
"3489","Asghar Farhadi"
"8736","Brandon Camp"
"6811","Yoo Byung-jae"
"3279","Victor Levin"
"1751","Henry Selick"
"9222","James Ivory"
"1321","Lone Scherfig"
"8562","Mark Dindal"
"5026","Pia Sukanya"
"9623","Yann Gozlan"
"1930","Hoyt Yeatman"
"2086","Lukas Dhont"
"6476","Stephen Chow"
"9378","Frank W Chen"
"5348","Adrian Teh"
"7396","Florian Henckel von Donnersmarck"
"6089","Steven R. Monroe"
"1304","Buz Wallick"
"2381","Indrasis Acharya"
"3403","Aatmaram Dharne"
"6989","Sumitra Bhave"
"7925","Sunao Katabuchi"
"9474","Kedar Shinde"
"8195","Johan Brisinger"
"3290","Attila Till"
"8371","Mahesh Manjrekar"
"1244","Tim Bartley"
"4817","Robyn Butler"
"4173","John Upchurch"
"1994","Girish Joshi"
"1276","Aditya Sarpotdar"
"9009","Arjun Gourisaria"
"5630","Maria Sadowska"
"5215","Santosh Sivan"
"1733","Heidi Saman"
"8864","Peter Middleton"
"2350","Shashilal K. Nair"
"9182","Jayaraj Rajasekharan Nair"
"7246","Partho Sen-Gupta"
"9385","Eric Drath"
"7801","Sam Upton"
"3612","Cathy Garcia-Molina"
"6797","Yang Woo-seok"
"8189","Pan Nalin"
"3713","J.C. Chandor"
"9359","John L. Spencer"
"7208","Victor Cook"
"7291","Devin Chanda"
"7895","Tekin Girgin"
"7733","David Chirchirillo"
"8407","Marianna Palka"
"1317","Dennis Bartok"
"2251","Kenneth Müller"
"1622","Marcel Barrena"
"3322","Burak Aksak"
"2138","Gerard McMurray"
"8455","Muharrem Gülmez"
"5131","Meltem Bozoflu"
"1508","Selçuk Aydemir"
"8334","Ömer Faruk Sorak"
"5209","Ali Taner Baltacı"
"5409","Sermiyan Midyat"
"7768","Aytaç Ağırlar"
"4487","Yusuf Pirhasan"
"9788","Clementine Malpas"
"6260","Ketche"
"1768","Erol Özlevi"
"6331","Hakan Yonat"
"2576","Olivier Loustau"
"8069","Nottapon Boonprakob"
"4149","Perry Lang"
"1437","Xavier Gens"
"5379","Gary Wheeler"
"8102","Ang Lee"
"7321","Tom Edmunds"
"7741","Brant Sersen"
"9072","Sam Liu"
"3096","Phil Morrison"
"3018","Paul Katis"
"5651","Matthew Vaughn"
"8398","Jonathan A. Rosenbaum"
"9194","Franck Phelizon"
"5550","Peter Howitt"
"4288","Matthew Atkinson"
"1415","Rajiv Menon"
"6060","Chiwetel Ejiofor"
"3015","Michael Buster"
"9987","Philip Einstein Lipski"
"3958","Rodrigo Salomón"
"7857","Mark Waters"
"1506","James Toback"
"9174","David Wain"
"8368","Debra Granik"
"7712","Miguel Ángel Vivas"
"2308","Joey Curtis"
"9439","Alison Klayman"
"5382","Haissam Hussain"
"8315","Mitch Gould"
"5032","Kaizad Gustad"
"1746","Clay Porter"
"6952","Mani Ratnam"
"2690","Eeshwar Nivas"
"8375","Indra Kumar"
"7546","Tim Van Someren"
"8277","Shawn Arranha"
"7066","Jonathan Baker"
"8366","K. Subhash"
"8868","V. K. Prakash"
"1842","Manish Tiwary"
"8991","Kranti Redkar"
"2913","Dhilip Kumar"
"4308","Subhash Ghai"
"1563","Surya S.J."
"3453","Samir Karnik"
"9350","Syed Ahmad Afzal"
"1045","RZA"
"5604","Steve Sacks"
"7062","Mike Fetterly"
"7753","Manish Gupta"
"1638","Jeeva"
"8802","K. Gopinathan"
"3516","Lars Büchel"
"7558","Krishna Vamshi"
"8015","Gurudev Bhalla"
"9329","Samar Khan"
"5608","Amit Barot"
"2946","Adarsh Eshwarappa"
"5670","Carlo Padial"
"2143","Mike Smith"
"3005","Julien Seri"
"6841","Bryan Buckley"
"4135","Keerthi"
"1053","Buddhadev Dasgupta"
"4825","Mukul Anand"
"8412","Preston A. Whitmore II"
"5963","Milind Dhaimade"
"2130","Ashish R. Mohan"
"7846","N. Chandra"
"4277","Arne Birkenstock"
"7341","Jonathan Taylor"
"7346","Alessandro Pepe"
"1456","Selvamani Selvaraj"
"3081","Vijay Jayapal"
"1265","Hernán Belón"
"3939","Harvey Lilley"
"5581","Lev L. Spiro"
"4082","Michael Polish"
"9573","Maria Ripoll"
"8702","Oren Uziel"
"8722","Adam Marino"
"5024","Kurt Wimmer"
"3534","Craig Johnson"
"1760","Jeffrey Walker"
"9457","Ulises Valencia"
"4564","Gabriel Grieco"
"3147","Isabel Coixet"
"6981","Grant Sputore"
"7677","Laxman Utekar"
"9209","Juan Antin"
"9093","Hanno Olderdissen"
"4152","Amar Kaushik"
"3089","Reginald Hudlin"
"6213","Grant Korgan"
"7781","Ajay Bahl"
"4632","Kees Van Oostrum"
"8624","Eva Trobisch"
"9068","Tamer Bassiouni"
"4964","Travis Zariwny"
"2230","Corbin Bernsen"
"6114","Shadi Ali"
"3668","Mahmoud Karim"
"1849","Walerian Borowczyk"
"5764","Hani Hamdi"
"3060","Wael Ihsan"
"1610","Amr Arafa"
"8029","Ahmed Al-Badry"
"4012","Mohammed El-Tahawy"
"6656","Philip Marlatt"
"5833","Scott Mosier"
"4414","David Gelb"
"8301","David Guy Levy"
"2091","Taika Waititi"
"2050","Saul Dibb"
"2861","Manika Sharma"
"5840","Mathieu Auvray"
"9807","Grant Heslov"
"8139","Timothy Reckart"
"5418","Sittisiri Mongkolsiri"
"8402","Kelly Reichardt"
"5158","Robbie Grewal"
"6877","Ted Geoghegan"
"2674","Yayo Herrero"
"1550","Alfonso Serrano Maturino"
"7624","Johnnie To"
"6044","Seong-hun Kim"
"8899","Bo Burnham"
"3127","Christopher Nolen"
"8009","Thiagarajan Kumararaja"
"6161","Matt Palmer"
"5946","Rodrigo Triana"
"7465","Federico D'Alessandro"
"7203","Anthony Pierce"
"5457","Mike Mills"
"6265","Kate Horne"
"7469","Roberto Girault Facha"
"4914","Christopher Ray"
"2211","Emanuel Hoss-Desmarais"
"5338","Paul Thomas Anderson"
"3034","Alex Díaz"
"9917","Bill D'Elia"
"9104","Sujoy Ghosh"
"1361","Peter Ramsey"
"3609","Doron Paz"
"9447","Justin Kelly"
"1380","Pablo Larraín"
"4203","Kevin Bray"
"2074","Michael James Regan"
"3595","Aditya Kripalani"
"1645","Seiji Mizushima"
"4345","Sanjay Gupta"
"5726","Myriam Aziza"
"3625","Vivieno Caldinelli"
"9077","Rob Burnett"
"5932","Drew Casson"
"6716","Charlie Siskel"
"9133","Brian Smith"
"9898","Brent Bonacorso"
"4026","Jennifer Phang"
"6874","Gerard Barrett"
"2061","Rene Liu"
"4291","Geoffrey Orthwein"
"2171","Jovanka Vuckovic"
"3724","Miguel Cohan"
"7725","Hideaki Anno"
"4231","Tarek Abdel Moaty"
"9243","Nitesh Tiwari"
"1054","Khaled Marei"
"1136","Abhijit Kokate"
"4693","Magdy Al-Hawwary"
"5109","Ahmad El-Badri"
"6301","Antonin Baudry"
"7053","Sherif Mandour"
"5130","Atul Malhotra"
"4412","Roy Burdine"
"6462","Scott Moran"
"3787","George Clooney"
"6098","Datta Mohan Bhandare"
"5471","Kieran Darcy-Smith"
"1632","Tom Hooper"
"1515","Salvador Calvo"
"1000","Jun-seong Kim"
"1716","Chris Robinson"
"5663","David L. Cunningham"
"7884","Ed Lilly"
"9661","Madeleine Parry"
"3427","Isaac Ezban"
"3864","Anirban Majumder"
"4429","Scott Martin"
"7867","Jeremy Kenyon Lockyer Corbell"
"9554","Sumit Das"
"3426","George Mendeluk"
"2192","Kyle Patrick Alvarez"
"2784","Jon Watts"
"9514","Jakob Lass"
"5510","Kevin Derek"
"2243","Sanjay Jadhav"
"5151","Ahmed El Gendy"
"8197","Vinod Kapri"
"7260","Anders Falck"
"8046","Oded Raz"
"5783","Claire Scanlon"
"8548","Ramón Salazar"
"6688","Eduardo Mendoza de Echave"
"8048","Henrik Martin Dahlsbakken"
"1595","Arun Chidambaram"
"9916","Caio Cobra"
"5035","Tomer Heymann"
"1458","Cal Seville"
"1904","Peggy Holmes"
"3927","Bruno Garotti"
"7811","Zachary Heinzerling"
"6645","Abdul Aziz Hashad"
"1499","Mark Ritchie"
"5296","Tarek Al Eryan"
"5223","Hadi El Bagoury"
"7595","Patrik Syversen"
"4967","Michael John Warren"
"1236","Andy Capper"
"5380","Waymon Boone"
"2573","Phil Johnston"
"4312","Julie Dash"
"5064","Andrew C. Erin"
"4095","Derek Yee"
"1558","Cristina Jacob"
"4160","Roland Emmerich"
"5113","Jonathan Levine"
"3242","David McCracken"
"8704","Sanjib Dey"
"1903","Barry Avrich"
"9035","Jon Avnet"
"6390","V. Scott Balcerek"
"8192","Richard Kelly"
"4834","Joel Schumacher"
"6765","Peter Chelsom"
"5094","Peter Hutchings"
"2918","Daniel Yee Heng Chan"
"2220","Dennie Gordon"
"6018","Shadab Khan"
"3434","Nattawut Poonpiriya"
"9313","Elvira Lind"
"2877","Davis Guggenheim"
"8162","Gavin O'Connor"
"7337","Jon Turteltaub"
"6357","Felix Starck"
"3025","Robert Kouba"
"7424","Edward Cotterill"
"9859","Ted Braun"
"9249","Onur Tukel"
"7601","Luis Lopez"
"4576","Saara Cantell"
"4539","Ron Howard"
"4038","Jayaprakash Radhakrishnan"
"2010","Rob Meyer"
"5548","Anita Barbosa"
"4857","Lekh Tandon"
"6825","Alberto Rodríguez"
"5848","Zoe Berriatúa"
"9711","Luis Estrada"
"6860","Spike Jonze"
"7163","Rob Marshall"
"9842","Karyn Kusama"
"6435","Phyllida Lloyd"
"6598","Leif Tilden"
"9138","Pat Healy"
"4048","Dustin McKenzie"
"3032","Fabio Grassadonia"
"3769","Jody Hill"
"6679","Samu Fuentes"
"8590","Alexandre Espigares"
"5778","Suhas Kadav"
"1571","Dan Harris"
"7599","Renny Harlin"
"8526","Eric Khoo"
"2846","Gideon Raff"
"3334","Kang Cheng"
"7252","Víctor García"
"7012","Wilson Coneybeare"
"5646","Note Chern-Yim"
"9259","Poj Arnon"
"4764","Fernando Sariñana"
"8314","Scott L. Montoya"
"8741","David Blair"
"1524","Kirk De Micco"
"2512","Sian Heder"
"1870","Ted Emery"
"7481","John Wells"
"5595","Meng Hua Ho"
"8001","Tony Datis"
"1978","Ben Ryder"
"8438","Jim Strouse"
"4121","Ben Young"
"5518","Raymond Wood"
"9335","Jorge M. Fontana"
"8614","Olivier Afonso"
"9435","James Woodroffe"
"4841","David Leveaux"
"9224","Sebastián Schindel"
"5479","Kyle Newman"
"1906","Alex Garland"
"7834","Keanu Reeves"
"8613","Anna Boden"
"2806","William Monahan"
"1676","Piti Jaturaphat"
"1678","Atom Egoyan"
"7184","John Maclean"
"8245","James Ponsoldt"
"6887","Tanit Jitnukul"
"2556","Atsajun Sattakovit"
"4360","Sukum Maetawanitch"
"5500","Daniel Gray Longino"
"1920","Nick Gomez"
"6990","Daniel Calparsoro"
"5446","Brandon Dickerson"
"3875","Paul Andrew Williams"
"3718","Byron Howard"
"4701","Benny Chan"
"4623","Chi Keung Fung"
"1079","Corey Yuen"
"8744","To-hoi Kong"
"5393","Jeff Baena"
"7476","Andrew Lau Wai-Keung"
"6605","Michael Gallagher"
"8050","Hassan Hegazy"
"1266","Chris Jenkins"
"4515","Alexandre Avancini"
"2659","Ziga Virc"
"9581","Sam Voutas"
"2810","Alexander Nevsky"
"6450","Frank Ariza"
"4318","Jacob Schwab"
"6503","Alphonso J. Wesson"
"1655","Lenny Abrahamson"
"7427","Julius Avery"
"9941","Peter Sullivan"
"9493","Destin Daniel Cretton"
"9664","Alexis Morante"
"9710","Fazila Allana"
"1504","Peter Svatek"
"3459","Hiromasa Yonebayashi"
"7006","Agustí Villaronga"
"9473","Kristina Goolsby"
"5456","Nisheeta Keni"
"8948","Peyton Reed"
"1534","Ron Clements"
"9695","Chris Stokes"
"1559","Steven Fine"
"6048","Roman Coppola"
"3345","Denis Villeneuve"
"5082","Alejandro Doria"
"7578","Heber Cannon"
"8064","Sally Potter"
"5645","Clay Glen"
"1644","Steven Knight"
"3510","Ana Quiroga"
"6451","Harmony Korine"
"8233","Natalia Garagiola"
"8841","Pamela Romanowsky"
"8723","Jonathan Glazer"
"6459","Esteban Crespo"
"6096","Anil Sharma"
"5820","Ganesh Kadam"
"7545","Anthony Scott Burns"
"4870","Ticoy Rodriguez"
"3562","Karl Mueller"
"9574","Philipp Stölzl"
"2657","Michael Curtiz"
"7182","Florian Gallenberger"
"5087","Harry Chaskin"
"4059","Marti Noxon"
"5319","Allan Ungar"
"3842","Patrick Brice"
"2206","Christophe Honoré"
"4581","David M. Rosenthal"
"7719","Scott Zabielski"
"7777","Diego Cohen"
"1522","William Eubank"
"2998","John Dower"
"5693","Gerardo Olivares"
"6328","Mark Harris"
"5658","Wi Ding Ho"
"1771","Thomas Sieben"
"9956","Joe Lynch"
"8954","Joseph Martin"
"8734","Chapman Way"
"3246","Sylvie Verheyde"
"8204","Kasper Barfoed"
"8362","Phil Joanou"
"6549","Courtney Hunt"
"2022","Iain Softley"
"7751","Jonathan Hensleigh"
"2600","M. Night Shyamalan"
"6142","Richard Greenberg"
"3606","Nathan Morlando"
"7603","George C. Wolfe"
"9037","Rushmore DeNooyer"
"3367","Martin Gorst"
"8512","Giulia Clark"
"2692","Sarah Holt"
"4232","Terri Randall"
"5344","Doug Hamilton"
"9799","Peter Fison"
"6349","Graham Townsley"
"2790","Oliver Twinch"
"2306","Llewellyn M. Smith"
"1419","Daniel McCabe"
"5027","Peter Yost"
"4122","Gail Willumsen"
"9604","Andy Fickman"
"3947","Barry Levinson"
"5732","Max Lang"
"1106","David Allensworth"
"2514","Todd Phillips"
"7561","Ann Deborah Fishman"
"5350","Dominic Sena"
"2794","Ryu Jung-woo"
"7956","Albert Hughes"
"9048","Rob Minkoff"
"6903","Andrew Fleming"
"9117","Shawn Levy"
"4566","Lijo Jose Pellissery"
"2896","Raj Kaushal"
"6196","Noushad"
"5010","Anuranjan Premji"
"6207","Jason Bourque"
"3088","Johnson Esthappan"
"8927","K.C. Bokadia"
"4598","Greg MacGillivray"
"6149","Miguel Arteta"
"5558","P.K. Baaburaaj"
"5922","Vineeth Anil"
"6917","Katherine Brooks"
"6076","Jayan Vannery"
"2235","Bob Odenkirk"
"1685","Samir Soni"
"7782","Chandran Narikode"
"7299","Gafoor Y. Elliyaas"
"4075","Dileep Narayanan"
"4002","Paritosh Painter"
"7984","Venugopan"
"6890","Jay Chou"
"6353","Imtiaz Ali"
"9161","Juan Antonio de la Riva"
"5737","Jenée LaMarque"
"8288","Michael Radford"
"9040","Saheed Arafath"
"6920","Jeffrey Nachmanoff"
"5816","P.T. Kunju Muhammad"
"3126","Huang Lei"
"3259","Shlok Sharma"
"5122","Adam Deyoe"
"3581","Nicolas Brossette"
"7335","Castille Landon"
"7461","Martin Hodara"
"4326","Doesjka van Hoogdalem"
"8241","Rod Blackhurst"
"2970","Asim Raza"
"9972","Sushil Majumdar"
"1312","Geetu Mohandas"
"3395","Paulo Oriol"
"7444","Li Jun"
"5120","Bilal Lashari"
"6284","Yasir Nawaz"
"7392","Oskar Santos"
"1777","Felix Thompson"
"8985","Ishaya Bako"
"7122","Ola Flyum"
"1181","Benny Fredman"
"3255","Hemant Gaba"
"8997","Ivona Juka"
"2830","Kunal Kohli"
"2109","Bryan Bertino"
"9236","J. Michael Long"
"3236","Milind Rau"
"4865","Nick Broomfield"
"6165","David Lowery"
"6280","Noor Imran Mithu"
"2995","Paakhi Tyrewala"
"9185","Barbara Kopple"
"4226","Babak Anvari"
"8113","Sandy Chronopoulos"
"9234","Emily Hagins"
"8146","Greg Richardson"
"8516","Dharmendra Suresh Desai"
"5957","Iman Brotoseno"
"6680","Anggy Umbara"
"1710","Garin Nugroho"
"2940","Sridhar Jetty"
"8687","Clive Tonge"
"2218","Nonzee Nimibutr"
"5874","Mahin Ibrahim"
"8904","José Eduardo Belmonte"
"3449","Hans Petter Moland"
"7773","Uwe Boll"
"1178","Ísold Uggadóttir"
"4100","Lorena Munoz"
"8286","Genevieve Nnaji"
"3818","Mitch Schauer"
"1471","Terry Loane"
"7106","Mamat Khalid"
"3231","Pang Ho-cheung"
"1382","Selima Taibi"
"9830","Alejandra Márquez Abella"
"9576","Amarjit Virdi"
"9394","Kamal Sahani"
"1486","Dan Kwan"
"4461","Brad Bird"
"5578","Fred Durst"
"4802","Marty Callner"
"9070","Yibrán Asuad"
"9584","John Hughes"
"8494","Luke Sparke"
"1672","Wim Wenders"
"4906","Nishil Sheth"
"8039","Byun Hyuk"
"8921","Javier Ambrossi"
"3433","Sébastien Betbeder"
"4068","Adam Bhala Lough"
"7629","Faozan Rizal"
"5227","Mansore"
"2107","Kuntz Agus"
"4208","Adam Randall"
"1850","Michael McKay"
"3812","Alexandre Heboyan"
"5222","Laura Alvea"
"4595","Isaac Florentine"
"2864","Marco Dutra"
"3366","Genndy Tartakovsky"
"5887","Andy Caballero"
"2185","July Hygreck"
"8581","Paul Shoulberg"
"6608","Greg Whiteley"
"1797","Jorge Blanco"
"2629","Law Wing-cheong"
"6881","Dash Shaw"
"3537","Mario Rouleau"
"8917","Néstor Sánchez Sotelo"
"4485","Aniruddha Roy Chowdhury"
"1341","Chester Tam"
"6785","Mohit Suri"
"9692","Craig Elrod"
"3339","Mike Rossiter"
"5256","Matt Angel"
"2225","Chris McCoy"
"4111","Sofia Coppola"
"9107","Jonathan Helpert"
"5059","André D'Elia"
"1198","Ivan Ayr"
"1500","Chris Baugh"
"9577","Jenny Carchman"
"9159","Tyler Perry"
"7823","G.J. Echternkamp"
"9617","Jehane Noujaim"
"1654","Caryn Waechter"
"6525","Nicholas Stoller"
"6594","Tim Hill"
"8656","Numa Perrier"
"9305","Brian Helgeland"
"3036","Yoshiyuki Momose"
"6153","Colin Strause"
"1231","Ethan Coen"
"5747","Jean-Marc Vallée"
"5949","Marc Abraham"
"2448","Steve Barker"
"1034","Rima Das"
"5801","Paco Plaza"
"2166","Andrew Goth"
"9938","Jeffrey G. Hunt"
"4034","William Kaufman"
"8380","Marek Kanievska"
"6517","Hashim Nadeem Khan"
"4431","Mohsin Ali"
"7873","Svetlana Cvetko"
"9702","Sarjun"
"9545","Michael Civille"
"7632","Feroz"
"3831","Syed Atif Ali"
"6675","Lee Seung-won"
"9414","Rik Reinholdtsen"
"2997","John Asher"
"9685","Matt Toronto"
"7375","Michael Roberts"
"5233","John H. Lee"
"6827","Ajay Bhuyan"
"1161","Rhiannon Bannenberg"
"6830","Bin Bunluerit"
"4099","Jennifer Brea"
"2204","Pradeep Verma"
"6697","Hannes Stöhr"
"7606","Ron Davis"
"2742","Daniel Noah"
"1629","Andreas Prochaska"
"2751","Maximilian Erlenwein"
"9338","John Carchietta"
"2570","Burhan Qurbani"
"4555","David Benioff"
"1962","Patryk Vega"
"3106","Peter Sattler"
"6562","Marcelo González"
"2990","Zach Clark"
"1061","N.D. Wilson"
"5345","Sean Penn"
"2782","Gauravv K Chawla"
"7696","David O. Russell"
"5468","Kleber Mendonça Filho"
"3692","Alistair Legrand"
"5421","Steve Boettcher"
"6539","Julian Jarrold"
"3619","Quinn Lasher"
"4089","David Mrnka"
"5854","John Mikulak"
"3121","Maya Forbes"
"3639","Ira Sachs"
"5397","Mir-Jean Bou Chaaya"
"2984","Peter Hewitt"
"8887","Dan Villegas"
"8478","Hugo Stuven"
"6455","Greg Pritikin"
"4201","Amman Abbasi"
"2619","Tom Green"
"8814","Mike Gunther"
"3148","Fred Olen Ray"
"1498","Johannes Roberts"
"8383","Heitor Dhalia"
"4005","Jeannie Gaffigan"
"8091","Robert Luketic"
"9273","Mark Rosman"
"2886","Sarah Smith"
"2284","Edwin"
"2154","James L. Brooks"
"5828","Vadim Jean"
"7061","Nicholas Hytner"
"5172","Tim Burton"
"4325","Ken Hughes"
"2483","Fernando Meirelles"
"6922","Matt Reeves"
"7894","Thomas Carter"
"1395","Jay Roach"
"8617","Mike Newell"
"1175","Colin Teague"
"3040","Doug Lefler"
"4328","Paul W.S. Anderson"
"7045","James Wong"
"6066","Simon Wincer"
"2137","Marcus Nispel"
"2774","Mark A.Z. Dippé"
"7997","Mark Steven Johnson"
"8011","Danny Leiner"
"8847","Christopher Nolan"
"3265","Eugenio Derbez"
"6636","John A. Davis"
"4234","Nora Ephron"
"4717","James Mangold"
"6404","Peter Farrelly"
"3519","Gary Fleder"
"5876","Luis Valdez"
"8293","Zack Snyder"
"2455","Duncan Jones"
"1379","Howard Zieff"
"6521","Guillermo del Toro"
"1095","Oren Peli"
"3130","Tetsuo Yajima"
"3974","John Lyde"
"1409","Steve Rash"
"9164","Keenen Ivory Wayans"
"8582","John Stockwell"
"3173","Gregg Bishop"
"4728","Chris Koch"
"5430","Baz Luhrmann"
"9686","Michael Pressman"
"2817","Steve Barron"
"5074","Andrew Douglas"
"5935","Robert Berlinger"
"4689","Ricky Gervais"
"9622","Peter Jackson"
"3992","Martin Campbell"
"6804","Mimi Leder"
"6547","Gore Verbinski"
"9665","Anthony Minghella"
"7581","Ron Underwood"
"7586","S.S. Wilson"
"9152","Brent Maddock"
"1753","Henry Hathaway"
"5271","Robert Zemeckis"
"4969","Mel Stuart"
"1435","Lawrence Kasdan"
"1200","Nicole Conn"
"6460","Julie Taymor"
"4230","Alejandro G. Iñárritu"
"8439","Yanyong Kuruaungkoul"
"1938","Ridley Scott"
"3110","Joe Roth"
"6586","Mark Landre Gould"
"5634","Lori Kaye"
"3309","William H. Macy"
"8759","Massy Tadjedin"
"8220","Guy Ritchie"
"2766","Lenin Bharathi"
"8041","James Foley"
"1668","Kunihiko Yuyama"
"3261","Ranjit Jeyakodi"
"3443","Ram"
"3211","Mark Herman"
"2054","Ben A. Williams"
"8396","Stephen Daldry"
"4446","John Fortenberry"
"2531","Chandrakant Kulkarni"
"8776","Uttung Shelar"
"5126","Lisa Arnold"
"4892","Bedabrata Pain"
"9421","Reiner Holzemer"
"3387","Nagraj Manjule"
"6092","Abba T. Makama"
"7974","Joe Dietsch"
"9994","Chris Sivertson"
"7778","Amar Gupte"
"6923","Sooraj R. Barjatya"
"1735","Sachin"
"7965","Amardeep Singh Gill"
"4118","Jon M. Chu"
"5473","Pratim D. Gupta"
"6795","Ben Patterson"
"6515","Santosh Manjrekar"
"2292","Victor Dal Chele"
"3354","Peter Pardini"
"7826","Lars von Trier"
"6626","Rebecca Zlotowski"
"3732","René Pérez Joglar"
"7309","Rajeev Patil"
"8925","Sudesh Manjrekar"
"6368","Kevin Phillips"
"2809","Jee-woon Kim"
"9834","Satish Manwar"
"4597","Alison MacLean"
"7048","David Koepp"
"9736","Dan Bush"
"8794","Rohit Mittal"
"2198","Steve Hickner"
"4092","Matt Kugelman"
"3846","Hari Viswanath"
"9906","Pieter-Jan De Pue"
"2641","Abhishek Chaubey"
"6336","Charlie Haskell"
"9480","James Barr"
"3613","Sorin Dan Mihalcescu"
"2739","Harold Cronk"
"3915","Roberta Grossman"
"9521","David Bruckner"
"4563","Ari Sandel"
"7453","Caradog W. James"
"5339","Tom Stern"
"6885","Kelly Duane de la Vega"
"4381","Julio Medem"
"8939","Deane Taylor"
"5368","Luis Javier M. Henaine"
"9173","Mathias Malzieu"
"9813","Jenna Laurenzo"
"3196","Hark Tsui"
"6960","Bob Nelson"
"1972","Trevor Ryan"
"3997","Michael Showalter"
"5709","Stephen Cone"
"1461","Julius Onah"
"9397","Jordan Ross"
"2835","Roland Joffé"
"6001","Craig Moss"
"7353","Wade Allain-Marcus"
"9745","Malik Vitthal"
"1880","Vonda Harrell"
"2960","Fabio Guaglione"
"1070","Carlos Vermut"
"9066","Shaina Allen"
"8430","Joey Kern"
"1555","Hong-seon Kim"
"8051","Lilibet Foster"
"2120","J.C. Falcón"
"2921","Sridhar Rangayan"
"2303","Saw Teong Hin"
"8714","Abhinay Deo"
"4762","Jesse Peretz"
"9944","Michael Blieden"
"5800","Sherwin Shilati"
"5129","Mark Columbus"
"5056","Dejan Zečević"
"4813","Lô Politi"
"7656","Yuen Wo-Ping"
"1077","Charles Martin Smith"
"3092","Pawan K Shrivastava"
"2390","Tomas Portella"
"4401","Kazuchika Kise"
"7559","Macon Blair"
"1747","Mar Targarona"
"6706","Steven Gomez"
"1350","Aruna Raje"
"5924","Alex Lehmann"
"8506","Elisabeth Vogler"
"8769","Brian A. Miller"
"3397","Adam Smith"
"9998","Benjamin Ree"
"3983","Susannah Ward"
"6816","Sam Taplin"
"8726","Kasia Uscinska"
"6649","Vicky Matthews"
"9874","Woo Min-ho"
"7980","Hang-Jun Jang"
"7798","Kurt Voelker"
"9270","Constance Marks"
"7399","Paul Miller"
"3404","Michael Del Monte"
"3817","Nora Twomey"
"1463","Chris Blake"
"9904","Johnny Kevorkian"
"6888","Amshan Kumar"
"7699","David L.G. Hughes"
"5333","Ildiko Enyedi"
"1477","You-Jeong Chang"
"7082","Richard Bates Jr."
"1925","Steve McLean"
"5103","Benjamin Arfmann"
"9171","Fumihiko Sori"
"2209","Shin-yeon Won"
"7364","Keith Scholey"
"1584","Juan Pablo Buscarini"
"8059","Keiichi Sato"
"4352","Chad Van De Keere"
"3533","Suseenthiran"
"7806","Lucky McKee"
"7590","Sanjeev Gupta"
"9431","Paul Tanter"
"3442","Stephan Rick"
"8331","Mariano Baez"
"8662","Stephanie Laing"
"7458","Logan Kibens"
"6556","Vincent Perez"
"4496","Carlos Marques-Marcet"
"1757","Prasanth Varma"
"1251","Gangadhar Salimath"
"1056","Shanawaz Nellikunnil"
"9262","Danny J. Boyle"
"1680","Rajat Kapoor"
"7532","Hari Nath"
"4713","Josh Webber"
"3165","Adam Collins"
"3681","Saket Chaudhary"
"9354","Tanuja Chandra"
"3013","Jackie van Beek"
"2044","Blair Hayes"
"8128","Sachin Kamlakar Khot"
"2626","Tolga Örnek"
"2638","Daniel Monzón"
"7247","Sung-soo Kim"
"8880","Chandrakant Kanse"
"9122","Avadhoot Gupte"
"8182","Sanjay Soorkar"
"9081","Thomas Stuber"
"5265","Christopher Chambers"
"9384","Giulio Base"
"9729","Raúl Arévalo"
"4683","Matías Bize"
"3932","Tanuj Chopra"
"5552","Anand Tiwari"
"9655","Michael Paul Stephenson"
"7818","Colin Dench"
"4758","Jesús Magaña Vázquez"
"9339","Corey Grant"
"6088","Jevons Au"
"6326","Olivier Assayas"
"9884","Jeremiah Zagar"
"9442","Afonso Poyart"
"5037","Chris Weitz"
"1734","Brad Peyton"
"7425","Hsu Chih-yen"
"4211","Emma Hatherley"
"4313","Meghna Gulzar"
"6571","Eddie Martin"
"4472","Kelly Noonan"
"5784","Rick Morales"
"1615","Michael Winnick"
"6085","Kelly Fremon Craig"
"8974","Kyle Rankin"
"7533","Pramod Pawar"
"9656","Dan Gilroy"
"3844","Milla Harrison-Hansley"
"1575","Storm Theunissen"
"1281","Fisher Stevens"
"1867","Neil Triffett"
"9327","Tom O'Dell"
"4215","John Trengove"
"9389","Ui-seok Jo"
"8533","Amber Tamblyn"
"9349","Gurvinder Singh"
"7538","Rohit Shetty"
"1432","Farah Khan"
"3936","Joaquín Mazón"
"3526","John Stewart Muller"
"2043","Leandro Mark"
"7792","Pulkit"
"4922","Jonás Trueba"
"1124","Peter DeLuise"
"8645","Robbie Countryman"
"2618","Jason James"
"8175","Nic Mathieu"
"7854","Gary Howsam"
"1889","Pierre Morel"
"3810","Sujeeth"
"2878","Agasyah Karim"
"2982","Jonathan Sobol"
"6548","Kiran Rao"
"3083","David E. Talbert"
"4298","Abbas Tyrewala"
"2008","Bhagyaraj"
"7993","Anusha Rizvi"
"4584","Aamir Khan"
"1229","Baltasar Kormákur"
"1201","Chris Kelly"
"5070","Karey Kirkpatrick"
"9351","Marco Risi"
"4829","Anne Fletcher"
"6529","Marek Losey"
"7756","Andy Serkis"
"3909","Bert Marcus"
"1894","BB Sasore"
"1290","Pascal Amanfo"
"7825","Atsuko Ishizuka"
"3803","Eric Aghimien"
"8181","Bruce Robinson"
"9913","Joel Crawford"
"7371","Roman Gackowski"
"4196","Benjamin Dickinson"
"3353","Mads Matthiesen"
"7373","Simon Baker"
"6546","Kasra Farahani"
"1060","Ladislas Chollat"
"2605","Michael Mason"
"7104","Ofir Raul Graizer"
"9257","Sacha Wolff"
"3493","Ravi Babu"
"9820","Sandeep Chatterjee"
"5166","Shivam Nair"
"8570","Soumitra Ranade"
"8690","Manmohan Desai"
"5358","Manish Jha"
"4920","Raja Menon"
"6474","Hrishikesh Mukherjee"
"4933","Sagar Sarhadi"
"5631","Jon Rosenbaum"
"9103","Raj Kapoor"
"2335","David Carson"
"5708","Tom Holland"
"4589","Tanveer Khan"
"2722","Chandra Barot"
"4240","Ajay Phansekar"
"2528","Partho Ghosh"
"1855","David Mirkin"
"5938","Prakash Mehra"
"1865","Bruce Leddy"
"6701","Shirish Kunder"
"6918","Radhu Karmakar"
"3560","Ahishor Solomon"
"6126","Tinnu Anand"
"5545","Sai Paranjape"
"8920","Gulzar"
"1566","Remy Kohli"
"7766","Shekhar Kapur"
"4256","Karan Lalit Butani"
"5869","Abhishek Saxena"
"7819","Basu Chatterjee"
"7140","Sanjay Dayma"
"4750","John Milius"
"9213","Amit Rai"
"2709","Raman Kumar"
"8727","Balu Mahendra"
"7681","Raj N. Sippy"
"8450","Tariq Khan"
"4054","Michael Apted"
"3580","Roger Spottiswoode"
"2133","Sanjay Patel"
"3460","Ashu Trikha"
"3796","Kushal Srivastava"
"3843","Chandra Prakash Dwivedi"
"5812","Chris Bould"
"9680","Kevin Booth"
"3833","Paul M. Green"
"9019","Walter C. Miller"
"9723","Tommy Avallone"
"3320","Ellen Brown"
"9669","Matt Askem"
"1669","Rob Zombie"
"7096","Gary Cohen"
"3133","Fabien Beziat"
"3122","Alethea Jones"
"3579","Rich Ragsdale"
"3757","Hidetaka Inazuka"
"8986","James Brown"
"4199","Paul Schrader"
"4929","Diego Luna"
"5255","Tim Blake Nelson"
"1583","André Øvredal"
"9832","Jay Baruchel"
"9418","Rodrigo Van Der Put"
"6875","John Michael McDonagh"
"6258","Theo Davies"
"2003","Benoît Jacquot"
"8401","Fernando Frías De La Parra"
"8648","John Hillcoat"
"7127","Måns Mårlind"
"4157","Ludovic Bernard"
"7257","Jason Moore"
"2720","Yuki Yamato"
"6386","Álvaro Brechner"
"6720","Levan Tsikurishvili"
"9900","Rakesh Mehta"
"4721","Mat Whitecross"
"9905","Gonzalo Bendala"
"6016","Biyi Bandele"
"3645","Andrew Wessels"
"3139","Emir Kusturica"
"4820","Chris Renaud"
"1816","Odunlade Adekola"
"1130","Jason Stone"
"3650","Detlev Buck"
"9144","Luis Prieto"
"1976","Elisa Fuksas"
"1391","Vic Armstrong"
"3450","Noël Wells"
"9601","Marc Francis"
"2959","Alik Sakharov"
"8177","Tony Giglio"
"8148","Akiyuki Shinbo"
"8289","Ron Oliver"
"8946","Shojiro Nishimi"
"8874","J.D. Dillard"
"1953","Anthony Russo"
"4773","Michael Petroni"
"4239","Pepe Bojórquez"
"2247","Jorge Michel Grau"
"7572","Riki Lindhome"
"4303","Ross Boyask"
"8237","Bruce Beresford"
"5546","Louise Alston"
"5318","Sunkanmi Adebayo"
"3394","Kheiron"
"6751","Susanne Bier"
"1243","Josh Mendoza"
"5364","Diego Kaplan"
"4734","Ari Levinson"
"2651","Falz"
"4731","Hasraf Dulull"
"4128","Gilbert Chan"
"9149","Rarecho"
"6035","Steve Cheng"
"1826","Sam Loh"
"7067","Jason Lai"
"8549","Marco Deufemia"
"9786","Lydia Tenaglia"
"3184","Pablo Parés"
"8357","David Grossman"
"7975","Mario Cambi"
"4900","Luc Vinciguerra"
"8962","Ahsan Rahim"
"5902","Yorgos Lanthimos"
"7102","Michael Barrett"
"2312","Adam Nimoy"
"7209","Elizabeth Wood"
"6895","Samit Kakkad"
"4884","Kenny Young"
"3741","Peter Orton"
"1897","Emil Ben-Shimon"
"6294","Julia Hart"
"2901","Rob W. King"
"5512","Ian MacAllister-McDonald"
"9055","L. Frazier"
"2906","Paul Reubens"
"7101","Sebastian DiNatale"
"9932","Prasobh Vijayan"
"3542","Ekachai Uekrongtham"
"7694","Jay Surridge"
"1810","Jayson Thiessen"
"9548","Steve Antin"
"5678","Nuhash Humayun"
"8616","Sriram Raghavan"
"6466","Elaine Bogan"
"8878","Michael Cuesta"
"4076","David Cronenberg"
"3697","Thom Zimny"
"1177","James Marsh"
"7673","Gordon Chan"
"7277","Vikram Gandhi"
"9509","Sean Hanish"
"6198","Mark Williams"
"2344","Karan Anshuman"
"7922","Farhan Akhtar"
"1805","Mrighdeep Singh Lamba"
"8612","Reema Kagti"
"2113","Brodje Wemboendja"
"4647","Jadesola Osiberu"
"5660","Vijay Lalwani"
"7864","Shirley Frimpong-Manso"
"5031","Hiroshi Aoyama"
"1942","Phil Roman"
"9284","Sean Olson"
"6821","Sigrid Andrea Bernardo"
"4307","Elliot Hegarty"
"2005","Manoj Beedha"
"1574","Vikram Bhatt"
"7049","Jody Lambert"
"1046","Agnidev Chatterjee"
"4222","Todd Standing"
"3232","Marc Levin"
"2477","Manbhavan Singh"
"9593","Pa. Ranjith"
"3737","Rahat Kazmi"
"2203","Nicholas Kharkongor"
"4540","Varun Narvekar"
"5036","Seth Henrikson"
"6961","Devaki Singh"
"3898","Benson Lee"
"9891","Antonio Serrano"
"8957","Chris Burkard"
"9203","Sinan Akkuş"
"1377","Matt Bell"
"5786","Elite Zexer"
"9880","Pedro Morelli"
"5060","John Banas"
"9922","Bruce MacDonald"
"9763","Mike Nicoll"
"3563","Robert O. Peters"
"6865","Bunmi Ajakaiye"
"5908","Biodun Stephen"
"1715","M.J. Bassett"
"6360","Ding-Lin Wang"
"8685","Richard van't Riet"
"4893","Michael Winterbottom"
"1852","Jean-Pierre Dardenne"
"4673","Gurinder Chadha"
"2030","Josh Greenbaum"
"9840","Shonali Bose"
"4378","Adam Alleca"
"4894","Craig Anderson"
"7086","Michael G. Kehoe"
"5933","Hiroshi Katagiri"
"8803","Ivan Sen"
"4627","Anthony Caronna"
"4628","Michelle Johnston"
"3136","Vijay Kumar Arora"
"6591","Matt Shakman"
"2097","Gaurav Bavdankar"
"3841","David Raynr"
"3030","Jagdeep Sidhu"
"5807","Malik Bendjelloul"
"7954","Jamie M. Dagg"
"9591","Tanawat Aiemjinda"
"9276","Brendan Malloy"
"3037","Mukesh Vohra"
"9902","Syrine Boulanouar"
"6924","Tudor Giurgiu"
"3656","Cheang Pou Soi"
"1647","Katarina Launing"
"7095","Gabriel Clarke"
"3809","Lawrence Cheng"
"3758","Prakash Balwant Saini"
"4991","Nam Ron"
"9188","Leung Lok Man"
"7123","Jazz Boon"
"2679","Felix Chong"
"8164","Dhanush"
"9121","Gary Mak"
"5261","Liu Jiang"
"4608","Blake Harris"
"3699","Evan Spiridellis"
"4670","Jasbir Bijendra Bhati"
"7189","Harjit Singh"
"9670","Jon Carey"
"3687","Jennifer Lynch"
"8080","Leopoldo Aguilar"
"3835","Nana Ekvtimishvili"
"9001","Ashish R. Shukla"
"5450","Ali F. Mostafa"
"8160","Myles Kane"
"4524","Shrihari Sathe"
"3955","Ralph Macchio"
"2002","Ricardo Maldonado"
"7522","Vetrimaaran"
"6855","Chad L. Scheifele"
"2492","Linas Phillips"
"3360","Jeff Margolis"
"9092","Bauddhayan Mukherji"
"1242","Mark Risley"
"1860","Tim Johnson"
"1440","Robert Moresco"
"4490","Aadish Keluskar"
"1787","Joe Murray"
"2422","Michael Fahey"
"5818","Alejandro Montiel"
"5086","Jesse Gustafson"
"1853","Darren Lynn Bousman"
"6039","John Papola"
"2814","Osman Ali"
"2046","Rolfe Kanefsky"
"8514","Joe DeMaio"
"3482","Rob Silvestri"
"1643","Alex Burunova"
"3696","Jesús Torres Torres"
"1588","Matthias Hoene"
"1959","Chris Nahon"
"4459","Ringo Lam"
"7479","Alex Coletti"
"2238","Mark Osborne"
"7152","Christian De Vita"
"4691","Abhishek Varman"
"4228","Sabir Khan"
"9018","Nikhil Nagesh Bhat"
"7310","Xiaoxing Yi"
"8545","Bryan Fogel"
"3648","Fabrice Du Welz"
"2419","Wong Jing"
"8393","Mateo Gil"
"3033","Rémy Four"
"8978","Jota Linares"
"3027","Erwin van den Eshof"
"3794","Lauren Miller Rogen"
"2150","Joseph Mbah"
"9026","Wagner de Assis"
"4836","Robert Adetuyi"
"1438","White Trash Tyler"
"6563","Van M. Pham"
"4553","Gaby Dellal"
"7531","John Barnard"
"2541","Philip Yung"
"7787","Sarah Adina Smith"
"2103","Aaron Burns"
"5830","Abdellatif Kechiche"
"1427","Christopher Louie"
"6424","Tim Rouhana"
"5250","Ana Kokkinos"
"9491","Jordan Brady"
"9762","Cate Shortland"
"5441","Adam Wingard"
"8729","Mohd Khairul Azri Bin Md Noor"
"5000","Daniela Goggi"
"1202","Yeung Yat-Tak"
"8140","Keith L. Smith"
"1517","Todd Biermann"
"9214","Ian Edelman"
"4886","Rai Yuvraj Bains"
"4186","Sunil Thakur"
"3473","Muh Chen"
"4182","Saurabh Sinha"
"2706","Ari Folman"
"8172","Bassam Kurdali"
"6248","Brian O'Malley"
"3768","Peter Spirer"
"8511","Michael Seater"
"4110","Ashwin Saravanan"
"5498","Jun Lana"
"2996","Ashwiny Iyer Tiwari"
"1660","Atlee Kumar"
"8618","Ravi Udyawar"
"6315","R. Balki"
"4718","Shree Narayan Singh"
"2186","Salima Koroma"
"4252","Woo Ming Jin"
"8183","Shamyl Othman"
"7004","Julia Knowles"
"3335","Scott Marshall Smith"
"5428","Dean Wright"
"9399","Camille Shooshani"
"4921","Lesli Linka Glatter"
"2964","Vijay Kumar"
"1026","Michael Thelin"
"1881","Khalid Mohamed"
"8602","Sanjay Leela Bhansali"
"9119","Punit Malhotra"
"4551","Prem Soni"
"2612","Clarence Yiu-leung Fok"
"3379","Prabhu Deva"
"9797","Mandeep Kumar"
"1512","Michael Drumm"
"4573","Fabrizio Copano"
"7433","Esteban Vidal"
"6371","Liu Jie"
"3555","Ding Sheng"
"4993","Justin Krook"
"7755","Gervasio Iglesias"
"5039","Will Gluck"
"8779","Daniel Lindsay"
"8888","Tommy Wirkola"
"2442","Michael Carney"
"6733","Manuel Martín Cuenca"
"9590","Y. Joon Chung"
"1794","Mark Murphy"
"9242","Tarsem Singh"
"9360","Michael Tiddes"
"8778","Kepa Sojo"
"9207","Chia-Liang Liu"
"6356","Sze Yu Lau"
"1252","Li Pei-Chuan"
"3756","Anthony Chan"
"7967","Siu-hung Chung"
"8335","Chia Tang"
"7934","Alex Law"
"9681","Herman Yau"
"9265","Johnny To"
"2365","Zach Braff"
"3728","Rajiv Chilaka"
"1874","Kyle Rideout"
"5855","Rucha Humnabadkar"
"2827","Scott Cooper"
"4790","Nathaniel Warsh"
"9479","Anthony Wonke"
"2620","Robert Nixon"
"5944","Manu Ashokan"
"9352","Anita Udeep"
"7718","Max McGill"
"2926","Victor Zarcoff"
"4502","Jean-Claude La Marre"
"3584","Jorge Hernandez Aldana"
"8905","Majid Majidi"
"8989","Jake Szymanski"
"3224","Floyd Russ"
"5814","Will Canon"
"2729","Barney Clay"
"2713","Khaled El Halafawy"
"5324","Todor Chapkanov"
"3050","Louis Leterrier"
"3502","Prawal Raman"
"4108","Rajesh Mapuskar"
"8938","Alexandre Aja"
"3065","Lana Wachowski"
"4859","Kazuaki Kiriya"
"4915","Phanindra Narsetti"
"2841","Bharat Nalluri"
"9446","John G. Avildsen"
"9380","Sylvester Stallone"
"4420","Nancy Meyers"
"6112","Beeban Kidron"
"5761","Paul Raschid"
"8698","Mel Smith"
"5836","Jesse Handsher"
"7369","Bradley Parker"
"1473","Gregory Caruso"
"4547","Vishnu Govindhan"
"5411","Pablo Giorgelli"
"7675","Jijo Pancode"
"2606","Andrés Couturier"
"9869","Suresh Pillai"
"3338","B.N. Shajeer Sha"
"9452","Hua Shan"
"5968","Amaan Khan"
"2920","Pablo D'Alo Abba"
"9713","Binu Ulahhannan"
"2200","Anil Thomas"
"7627","Sabu Varghese"
"6166","Charlie Lightening"
"9112","Kiran Narayanan"
"3762","Richard Correll"
"3627","Amir Mohiuddin"
"4730","Zakariya"
"9721","Maria Burton"
"7296","Charlie Vaughn"
"4826","Avinash Das"
"5248","Paul Serafini"
"6267","April Mullen"
"2501","John Butler"
"5600","Ali Scher"
"3190","Maz Jobrani"
"6663","Isaac Rentz"
"9429","Christopher Murray"
"7523","David Briggs"
"5698","Claude Lelouch"
"3407","J.F. Musial"
"3129","Neil Armfield"
"2732","Christopher Martin"
"5750","Tom Whitter"
"3268","Brian M. Conley"
"1790","Lena Khan"
"6938","David Wnendt"
"4972","Suman Mukhopadhyay"
"4655","Karthik Subbaraj"
"6487","Brian Smrz"
"1924","Joe Swanberg"
"2741","Maria Pulera"
"6446","Marja Lewis Ryan"
"9556","Ryan Koo"
"7504","Hatem Khraiche"
"7958","Derek Peck"
"5913","Jennifer Morrison"
"8733","Mitzi Vanessa Arreola"
"8007","Nicolas Pesce"
"8574","Jeremiah Jones"
"5962","Dave Patten"
"8058","Prabhuraj"
"6293","Brie Larson"
"1736","Katherine Fairfax Wright"
"9945","Hèctor Hernández Vicens"
"6382","Cem Yılmaz"
"5931","Holger Tappe"
"2615","C.J. Wallis"
"6101","Çagan Irmak"
"9838","Amit Roy"
"3365","Teddy Lussi-Modeste"
"4699","Daniel Lee"
"1641","Kader Aoun"
"9502","Abhay Chopra"
"4364","Lee Chang-dong"
"7611","Kranti Kanade"
"4241","Dar Gai"
"2546","Evan Katz"
"1058","Andrea Arnold"
"1913","Ben Shelton"
"3535","Curro Velázquez"
"7054","Robert Smigel"
"4588","Khaled Youssef"
"5925","Wael Ehsan"
"8732","Joachim Rønning"
"5067","Sathyan Anthikad"
"8876","Wayne Blair"
"1338","Max Amini"
"1120","Dimitri Logothetis"
"9355","Simon Stone"
"5730","Yam Laranas"
"7328","Ahmad Samir Farag"
"4265","Jason Sussberg"
"6647","Célia Catunda"
"2540","Gauri Shinde"
"5481","Oliver Schmitz"
"9346","Felix Herngren"
"8523","Sabal Singh Shekawat"
"1319","Adam Del Giudice"
"9611","Robert Tate"
"5285","Louise Wardle"
"1384","Fernando Coimbra"
"7596","Adam Leon"
"2122","Bille August"
"4909","Rebecca Addelman"
"5052","Olivia Milch"
"6659","Mark Raso"
"7871","Dylan C. Brown"
"8339","Shelly Chopra Dhar"
"9727","Shanjey Kumar Perumal"
"5567","Jarrad Paul"
"8800","Michael Doneger"
"3827","Sandra Restrepo"
"6317","Ken Loach"
"6711","Sarthak Dasgupta"
"4795","Jennifer Kaytin Robinson"
"1623","Renato De Maria"
"1191","Pedro Coutinho"
"5513","Barak Goodman"
"8593","Moataz El Tony"
"6472","Ossama Abu El Atta"
"7472","Simon Verhoeven"
"6090","Alan Rickman"
"4402","Hasan Karacadağ"
"6832","Dylan Haegens"
"6912","Beyoncé Knowles-Carter"
"7740","Jon Lucas"
"9219","Richard Curtis"
"3825","Tom Shadyac"
"1863","Bill Oliver"
"5253","Jennifer Beamish"
"2318","Paul Weitz"
"9456","Gabe Klinger"
"1786","David Gordon Green"
"9080","Suparn Verma"
"8259","Anant Balani"
"7010","Soukarya Ghosal"
"8399","Amitabha Singh"
"4609","Carly Stone"
"5910","Liam O'Donnell"
"8376","Bruce Gowers"
"6894","Michael Lennox"
"9633","Andrea Molaioli"
"6233","Aaron Nee"
"5100","Felix Van Groeningen"
"3163","Chris Bell"
"5614","Ken Barbet"
"4101","Dallas Jackson"
"4444","Sam Taylor-Johnson"
"8031","Marie Madinier"
"9087","Miguel Ángel Lamata"
"2075","Antonio Chavarrías"
"7947","Gabriel Julien-Laferrière"
"4183","Yeo Siew Hua"
"1674","Joshua Marston"
"1667","Eleonore Pourriat"
"3085","Zoe Lister-Jones"
"4705","Mike Wiluan"
"7584","Ayush Raina"
"3989","Chris Nelson"
"2938","Peter Webber"
"6362","Michael Kennedy"
"5340","John R. Leonetti"
"2330","Grant S. Johnson"
"9097","Shravan Kumar"
"9562","Julien Christian Lutz"
"8958","Nick Davis"
"1264","Jason Winer"
"9638","Huang Jianming"
"4319","Laura VanZee Taylor"
"9444","Gerry Hoban"
"9046","Tianyu Zhao"
"6499","Richard LaGravenese"
"6996","Mark Palansky"
"7979","Shazia Ali Khan"
"5329","Stacy Title"
"2745","Erik White"
"3281","Ben Brewer"
"1049","Victoria Bromley"
"8705","Philip G. Atwell"
"3578","Padmakumar Narasimhamurthy"
"8180","Stephen Gyllenhaal"
"9873","Diego Lerman"
"2928","Don Bluth"
"9660","Phil Nibbelink"
"8528","Larry Latham"
"5536","Phil Weinstein"
"6759","Kaspar Astrup Schröder"
"2142","Gary David Goldberg"
"4155","Raj Amit Kumar"
"4868","Jocelyn Moorhouse"
"3436","Jared Cohn"
"8098","Tathagata Banerjee"
"6325","Ananda Krishnan"
"3318","Amol Palekar"
"8763","Kookie V. Gulati"
"6484","Atanu Mukherjee"
"9409","Billy Ray"
"2026","Esteban Sapir"
"3059","Benedict Andrews"
"1433","Sushrut Jain"
"4757","Gayane Petrosyan"
"8580","Shivendra Singh Dungarpur"
"6400","Alexandre Reinecke"
"1918","Philipp Eichholtz"
"8071","Jamal Hill"
"4682","Daniel Gordon"
"8677","K. Ramanlal"
"9559","Maris Curran"
"6005","Avinash Arun"
"2848","Ed Gass-Donnelly"
"7094","A. Salaam"
"5381","Eduardo Casanova"
"7618","Daniel Burman"
"5416","Kike Maíllo"
"6324","Zatella Beatty"
